constituency_name,constituency_region,constituency_electorate,Conservative and Unionist Party,Liberal Democrats,Labour Party,UK Independence Party,Green Party,Scottish National Party,Plaid Cymru,Democratic Unionist Party,Sinn Fein,Social Democratic Labour Party,Ulster Unionist Party,Alliance Party,"Others, Independents or Speaker"
ABERAVON,Wales,49892,5901,599,22662,1345,,,2761,,,,,,
ABERCONWY,Wales,45251,14337,941,13702,,,,3170,,,,,,
ABERDEEN NORTH,Scotland,62130,8341,1693,11031,,,15170,,,,,,,522
ABERDEEN SOUTH,Scotland,64964,18746,2610,9143,,,13994,,,,,,,
AIRDRIE AND SHOTTS,Scotland,64146,8813,802,14096,,,14291,,,,,,,
ALDERSHOT,England,76205,26950,3637,15477,1796,1090,,,,,,,,
ALDRIDGE-BROWNHILLS,England,60363,26317,1343,12010,,,,,,,,,,565
ALTRINCHAM AND SALE WEST,England,73226,26933,4051,20507,,1000,,,,,,,,299
ALYN AND DEESIDE,Wales,63013,18080,1077,23315,1117,,,1171,,,,,,
AMBER VALLEY,England,68065,25905,1100,17605,,650,,,,,,,,551
ANGUS,Scotland,63840,18148,1308,5233,,,15503,,,,,,,
ARFON,Wales,41367,4614,648,11427,,,,11519,,,,,,
ARGYLL AND BUTE,Scotland,67230,15976,8745,6044,,,17304,,,,,,,
ARUNDEL AND SOUTH DOWNS,England,79478,37573,4783,13690,1668,2542,,,,,,,,
ASHFIELD,England,78076,20844,969,21285,1885,398,,,,,,,,4612
ASHFORD,England,87387,35318,3101,17840,2218,1402,,,,,,,,
ASHTON-UNDER-LYNE,England,67674,12710,646,24005,1878,534,,,,,,,,
AYLESBURY,England,82546,32313,5660,17657,1296,1237,,,,,,,,620
"AYR, CARRICK AND CUMNOCK",Scotland,71241,18550,872,11024,,,15776,,,,,,,
BANBURY,England,83824,33388,3452,20989,1581,1225,,,,,,,,927
BANFF AND BUCHAN,Scotland,67601,19976,1448,3936,,,16283,,,,,,,
BARKING,England,77022,10711,599,32319,3031,724,,,,,,,,295
BARNSLEY CENTRAL,England,64204,9436,549,24982,3339,570,,,,,,,,211
BARNSLEY EAST,England,69214,10997,750,24280,3247,,,,,,,,,1502
BARROW AND FURNESS,England,69474,22383,1278,22592,962,375,,,,,,,,
BASILDON AND BILLERICAY,England,69149,27381,1548,13981,2008,,,,,,,,,
BASINGSTOKE,England,81875,29510,3406,20044,1681,1106,,,,,,,,213
BASSETLAW,England,78540,22615,1154,27467,,,,,,,,,,1014
BATH,England,66778,17742,23436,7279,,1126,,,,,,,,
BATLEY AND SPEN,England,80161,20883,1224,29844,,695,,,,,,,,1134
BATTERSEA,England,77574,22876,4401,25292,357,866,,,,,,,,1266
BEACONSFIELD,England,77524,36559,4448,12016,1609,1396,,,,,,,,
BECKENHAM,England,67925,30632,4073,15545,,1380,,,,,,,,
BEDFORD,England,71829,21923,2837,22712,,1008,,,,,,,,
BELFAST EAST,Northern Ireland,63495,446,,,,561,,,23917,894,167,1408,15443,54
BELFAST NORTH,Northern Ireland,68249,,,,,644,,,21240,19159,2058,,2475,360
BELFAST SOUTH,Northern Ireland,66105,246,,,,2241,,,13299,7143,11303,1527,7946,
BELFAST WEST,Northern Ireland,62423,,,,,,,,5455,27107,2860,,731,4480
BERMONDSEY AND OLD SOUTHWARK,England,87282,7581,18189,31161,838,639,,,,,,,,113
"BERWICKSHIRE, ROXBURGH AND SELKIRK",Scotland,73191,28213,2482,4519,,,17153,,,,,,,
BERWICK-UPON-TWEED,England,58807,22145,8916,10364,,787,,,,,,,,
BETHNAL GREEN AND BOW,England,86075,7576,2982,42969,894,1516,,,,,,,,3888
BEVERLEY AND HOLDERNESS,England,80657,32499,2808,18457,,716,,,,,,,,1158
BEXHILL AND BATTLE,England,81331,36854,4485,14689,2006,1438,,,,,,,,
BEXLEYHEATH AND CRAYFORD,England,65315,25113,1201,16040,1944,601,,,,,,,,290
BIRKENHEAD,England,64484,8044,1118,33558,,943,,,,,,,,
"BIRMINGHAM, EDGBASTON",England,68091,17207,1564,24124,,562,,,,,,,,155
"BIRMINGHAM, ERDINGTON",England,65067,14286,750,21571,,610,,,,,,,,
"BIRMINGHAM, HALL GREEN",England,78271,8199,3137,42143,,831,,,,,,,,
"BIRMINGHAM, HODGE HILL",England,75698,6580,805,37606,1016,387,,,,,,,,
"BIRMINGHAM, LADYWOOD",England,70023,5452,1156,34166,,533,,,,,,,,
"BIRMINGHAM, NORTHFIELD",England,72322,18929,959,23596,,864,,,,,,,,
"BIRMINGHAM, PERRY BARR",England,70106,11726,1080,30109,,591,,,,,,,,691
"BIRMINGHAM, SELLY OAK",England,74370,15629,1644,30836,,876,,,,,,,,
"BIRMINGHAM, YARDLEY",England,72581,8824,7984,25398,1916,280,,,,,,,,100
BISHOP AUCKLAND,England,67661,20306,1176,20808,,,,,,,,,,991
BLACKBURN,England,70664,12780,709,33148,,,,,,,,,,878
BLACKLEY AND BROUGHTON,England,71648,8657,737,28258,1825,462,,,,,,,,174
BLACKPOOL NORTH AND CLEVELEYS,England,63967,20255,747,18232,1392,381,,,,,,,,
BLACKPOOL SOUTH,England,58470,15058,634,17581,1339,341,,,,,,,,
BLAENAU GWENT,Wales,51227,4783,295,18787,973,,,6880,,,,,,666
BLAYDON,England,68459,13502,4366,26979,2459,583,,,,,,,,195
BLYTH VALLEY,England,63415,15855,1947,23770,,918,,,,,,,,
BOGNOR REGIS AND LITTLEHAMPTON,England,75827,30276,3352,12782,1861,993,,,,,,,,2088
BOLSOVER,England,73429,18865,1372,24153,2129,,,,,,,,,
BOLTON NORTH EAST,England,67233,19073,1316,22870,1567,357,,,,,,,,
BOLTON SOUTH EAST,England,68886,12550,781,25676,2779,537,,,,,,,,
BOLTON WEST,England,72797,24459,1485,23523,1587,,,,,,,,,
BOOTLE,England,72872,6059,837,42259,,709,,,,,,,,424
BOSTON AND SKEGNESS,England,68402,27271,771,10699,3308,547,,,,,,,,283
BOSWORTH,England,81661,31864,9744,13513,,1047,,,,,,,,
BOURNEMOUTH EAST,England,74591,25221,3168,17284,1405,1236,,,,,,,,304
BOURNEMOUTH WEST,England,73195,23812,2929,16101,,1247,,,,,,,,418
BRACKNELL,England,79199,32882,4186,16866,1521,,,,,,,,,437
BRADFORD EAST,England,70389,9291,843,29831,1372,289,,,,,,,,3996
BRADFORD SOUTH,England,67752,15664,516,22364,1758,370,,,,,,,,377
BRADFORD WEST,England,67568,7542,712,29444,885,481,,,,,,,,6464
BRAINTREE,England,75316,32873,2251,14451,1835,916,,,,,,,,
BRECON AND RADNORSHIRE,Wales,56010,20081,12043,7335,576,,,1299,,,,,,
BRENT CENTRAL,England,80499,10211,2519,38208,556,802,,,,,,,,
BRENT NORTH,England,82567,18435,1614,35496,,660,,,,,,,,239
BRENTFORD AND ISLEWORTH,England,85164,23182,3083,35364,,,,,,,,,,
BRENTWOOD AND ONGAR,England,75067,34811,4426,10809,1845,915,,,,,,,,104
BRIDGEND,Wales,62185,17213,919,21913,781,,,1783,,,,,,646
BRIDGWATER AND WEST SOMERSET,England,89294,32111,6332,16663,2102,1059,,,,,,,,
BRIGG AND GOOLE,England,66069,27219,836,14856,1596,550,,,,,,,,
"BRIGHTON, KEMPTOWN",England,67893,18835,1457,28703,,,,,,,,,,212
"BRIGHTON, PAVILION",England,75486,11082,,15450,630,30149,,,,,,,,376
BRISTOL EAST,England,72415,17453,1389,30847,,1110,,,,,,,,
BRISTOL NORTH WEST,England,75434,22639,2814,27400,,1243,,,,,,,,
BRISTOL SOUTH,England,83012,16679,1821,32666,1672,1428,,,,,,,,116
BRISTOL WEST,England,93003,9877,5201,47213,,9216,,,,,,,,101
BROADLAND,England,77334,32406,4449,16590,1594,932,,,,,,,,
BROMLEY AND CHISLEHURST,England,65117,25175,3369,15585,1383,1150,,,,,,,,
BROMSGROVE,England,73571,33493,2488,16920,,1139,,,,,,,,
BROXBOURNE,England,73502,29515,1481,13723,1918,848,,,,,,,,
BROXTOWE,England,74013,25983,2247,25120,1477,681,,,,,,,,
BUCKINGHAM,England,79615,,,,4168,8574,,,,,,,,39937
BURNLEY,England,64709,12479,6046,18832,2472,461,,,,,,,,
BURTON,England,73954,28936,1262,18889,,824,,,,,,,,
BURY NORTH,England,67580,21308,912,25683,,,,,,,,,,
BURY SOUTH,England,73715,21200,1065,27165,1316,,,,,,,,,244
BURY ST EDMUNDS,England,86071,36794,3565,18353,,2596,,,,,,,,852
CAERPHILLY,Wales,64381,10413,725,22491,1259,447,,5962,,,,,,
"CAITHNESS, SUTHERLAND AND EASTER ROSS",Scotland,46868,6990,11061,3833,,,9017,,,,,,,
CALDER VALLEY,England,79045,26790,1952,26181,1466,631,,,,,,,,1034
CAMBERWELL AND PECKHAM,England,85613,7349,3413,44665,,1627,,,,,,,,358
CAMBORNE AND REDRUTH,England,68419,23001,2979,21424,,1052,,,,,,,,
CAMBRIDGE,England,78544,9133,16371,29032,,1265,,,,,,,,133
CANNOCK CHASE,England,74540,26318,794,17927,2018,815,,,,,,,,
CANTERBURY,England,78182,25385,4561,25572,,1282,,,,,,,,
CARDIFF CENTRAL,Wales,59288,7997,5415,25193,343,420,,999,,,,,,
CARDIFF NORTH,Wales,67221,21907,1714,26081,582,,,1738,,,,,,
CARDIFF SOUTH AND PENARTH,Wales,76499,15318,1430,30182,942,532,,2162,,,,,,170
CARDIFF WEST,Wales,66775,13874,1214,26425,698,,,4418,,,,,,
CARLISLE,England,62294,21472,1256,18873,1455,,,,,,,,,
CARMARTHEN EAST AND DINEFWR,Wales,55976,10778,920,12219,985,,,16127,,,,,,
CARMARTHEN WEST AND SOUTH PEMBROKESHIRE,Wales,58565,19771,956,16661,905,,,3933,,,,,,
CARSHALTON AND WALLINGTON,England,70849,19450,20819,9360,,501,,,,,,,,623
CASTLE POINT,England,69470,30076,1049,11204,2381,,,,,,,,,
CENTRAL AYRSHIRE,Scotland,68999,15504,1050,11762,,,16771,,,,,,,
CENTRAL DEVON,England,74370,31278,6770,15598,1326,1531,,,,,,,,1341
CENTRAL SUFFOLK AND NORTH IPSWICH,England,78116,33992,2431,16807,1635,1659,,,,,,,,
CEREDIGION,Wales,54262,7307,11519,8017,602,542,,11623,,,,,,157
CHARNWOOD,England,78071,33318,2052,16977,1471,1036,,,,,,,,322
CHATHAM AND AYLESFORD,England,70419,25587,1116,15129,2225,573,,,,,,,,260
CHEADLE,England,73406,24331,19824,10417,,,,,,,,,,
CHELMSFORD,England,81032,30525,6916,16953,1645,821,,,,,,,,
CHELSEA AND FULHAM,England,63728,22179,4627,13991,524,807,,,,,,,,
CHELTENHAM,England,78878,26615,24046,5408,,943,,,,,,,,
CHESHAM AND AMERSHAM,England,71654,33514,7179,11374,1525,1660,,,,,,,,
CHESTERFIELD,England,72069,16661,2612,26266,1611,777,,,,,,,,
CHICHESTER,England,84991,36032,6749,13411,1650,1992,,,,,,,,84
CHINGFORD AND WOODFORD GREEN,England,65958,23076,2043,20638,,1204,,,,,,,,
CHIPPENHAM,England,76432,31267,14637,11236,,,,,,,,,,
CHIPPING BARNET,England,77218,25679,3012,25326,,1406,,,,,,,,
CHORLEY,England,76404,23233,1126,30745,,530,,,,,,,,
CHRISTCHURCH,England,70309,35230,4020,10059,,1325,,,,,,,,
CITIES OF LONDON AND WESTMINSTER,England,61533,18005,4270,14857,426,821,,,,,,,,275
CITY OF CHESTER,England,72859,22847,1551,32023,,,,,,,,,,
CITY OF DURHAM,England,71132,14408,4787,26772,1116,797,,,,,,,,444
CLACTON,England,69263,27031,887,11203,3357,719,,,,,,,,948
CLEETHORPES,England,72711,27321,1110,16921,2022,470,,,,,,,,
CLWYD SOUTH,Wales,53729,14646,731,19002,802,,,2293,,,,,,
CLWYD WEST,Wales,58263,19541,1091,16104,,,,3918,,,,,,
"COATBRIDGE, CHRYSTON AND BELLSHILL",Scotland,71198,7318,922,19193,,,17607,,,,,,,
COLCHESTER,England,79996,24565,9087,18888,,828,,,,,,,,177
COLNE VALLEY,England,84387,27903,2494,28818,,892,,,,,,,,313
CONGLETON,England,76694,31830,2902,19211,1289,999,,,,,,,,
COPELAND,England,61751,21062,1404,19367,1094,,,,,,,,,
CORBY,England,83020,29534,1545,26844,1495,579,,,,,,,,
COVENTRY NORTH EAST,England,75759,13919,1157,29499,1350,502,,,,,,,,81
COVENTRY NORTH WEST,England,75196,18314,1286,26894,1525,666,,,,,,,,1164
COVENTRY SOUTH,England,70736,17927,1343,25874,1037,604,,,,,,,,224
CRAWLEY,England,73425,25426,1878,22969,,,,,,,,,,
CREWE AND NANTWICH,England,78895,25880,1334,25928,1885,,,,,,,,,
CROYDON CENTRAL,England,80045,24221,1083,29873,1040,626,,,,,,,,248
CROYDON NORTH,England,87461,11848,1656,44213,753,983,,,,,,,,170
CROYDON SOUTH,England,83518,33334,3541,21928,1116,1125,,,,,,,,213
"CUMBERNAULD, KILSYTH AND KIRKINTILLOCH EAST",Scotland,66554,8010,1238,14858,605,,19122,,,,,,,
CYNON VALLEY,Wales,51334,6166,585,19404,1271,,,4376,,,,,,
DAGENHAM AND RAINHAM,England,70616,18306,465,22958,3246,544,,,,,,,,324
DARLINGTON,England,66341,19401,1031,22681,1180,524,,,,,,,,
DARTFORD,England,78506,31210,1428,18024,2544,807,,,,,,,,211
DAVENTRY,England,75268,35464,4015,13730,1497,957,,,,,,,,
DELYN,Wales,54090,16333,1031,20573,,,,1481,,,,,,
DENTON AND REDDISH,England,65751,11084,853,25161,1798,486,,,,,,,,217
DERBY NORTH,England,69919,21607,2262,23622,1181,,,,,,,,,
DERBY SOUTH,England,69918,15182,1229,26430,2011,454,,,,,,,,
DERBYSHIRE DALES,England,64430,29744,3126,15417,,1002,,,,,,,,282
DEVIZES,England,72184,31744,4706,10608,1706,1606,,,,,,,,223
DEWSBURY,England,81343,25493,1214,28814,,1024,,,,,,,,
DON VALLEY,England,73990,19182,856,24351,,,,,,,,,,1599
DONCASTER CENTRAL,England,71718,14784,973,24915,,,,,,,,,,2352
DONCASTER NORTH,England,72377,11687,706,25711,2738,,,,,,,,,1470
DOVER,England,74564,27211,1336,20774,1722,923,,,,,,,,
DUDLEY NORTH,England,62043,18068,368,18090,2144,240,,,,,,,,
DUDLEY SOUTH,England,61323,21588,625,13858,1791,382,,,,,,,,
DULWICH AND WEST NORWOOD,England,78037,10940,4475,39096,,1408,,,,,,,,224
DUMFRIES AND GALLOWAY,Scotland,74206,22344,1241,10775,,,16701,,,,,,,538
"DUMFRIESSHIRE, CLYDESDALE AND TWEEDDALE",Scotland,67672,24177,1949,8102,,,14736,,,,,,,
DUNDEE EAST,Scotland,65854,11746,1615,11176,,,18391,,,,,,,
DUNDEE WEST,Scotland,62644,6257,1189,12783,,,18045,,,,,,,403
DUNFERMLINE AND WEST FIFE,Scotland,75672,12593,3019,17277,,,18121,,,,,,,
DWYFOR MEIRIONNYDD,Wales,44699,8837,937,6273,614,,,13687,,,,,,
EALING CENTRAL AND ACTON,England,74200,19230,3075,33037,,,,,,,,,,
EALING NORTH,England,74764,14942,1275,34635,921,743,,,,,,,,
"EALING, SOUTHALL",England,65188,9630,1892,31720,504,1037,,,,,,,,362
EASINGTON,England,62385,8260,460,23152,1727,410,,,,,,,,2355
EAST ANTRIM,Northern Ireland,62908,963,,,,,,,21873,3555,1278,4524,5950,
EAST DEVON,England,82369,29306,1468,6857,1203,,,,,,,,,21548
EAST DUNBARTONSHIRE,Scotland,66300,7563,21023,7531,,,15684,,,,,,,
EAST HAM,England,83928,7241,656,47124,697,474,,,,,,,,441
EAST HAMPSHIRE,England,74151,35263,8403,9411,,1760,,,,,,,,571
"EAST KILBRIDE, STRATHAVEN AND LESMAHAGOW",Scotland,80442,13704,1590,17157,628,,21023,,,,,,,
EAST LONDONDERRY,Northern Ireland,67038,330,,,,,,,19723,10881,4423,3135,2538,
EAST LOTHIAN,Scotland,79093,16540,1738,20158,,,17075,,,,,,,367
EAST RENFREWSHIRE,Scotland,70067,21496,1112,14346,,,16784,,,,,,,
EAST SURREY,England,82004,35310,6197,11396,2227,1100,,,,,,,,2973
EAST WORTHING AND SHOREHAM,England,75525,25988,2523,20882,1444,1273,,,,,,,,1007
EAST YORKSHIRE,England,81065,31442,2134,16436,1986,943,,,,,,,,1015
EASTBOURNE,England,78754,25315,26924,4671,,510,,,,,,,,
EASTLEIGH,England,81212,28889,14710,11454,1477,750,,,,,,,,
EDDISBURY,England,70272,29192,2804,17250,1109,785,,,,,,,,179
EDINBURGH EAST,Scotland,65896,8081,1849,15084,,,18509,,,,,,,
EDINBURGH NORTH AND LEITH,Scotland,79473,15385,2579,17618,,1727,19243,,,,,,,
EDINBURGH SOUTH,Scotland,64553,9428,1388,26269,,,10755,,,,,,,
EDINBURGH SOUTH WEST,Scotland,71178,16478,2124,13213,,,17575,,,,,,,
EDINBURGH WEST,Scotland,71500,11559,18108,7876,,,15120,,,,,,,132
EDMONTON,England,65777,10106,858,31221,860,633,,,,,,,,
ELLESMERE PORT AND NESTON,England,68666,18747,892,30137,821,342,,,,,,,,
ELMET AND ROTHWELL,England,80291,32352,2606,22547,,995,,,,,,,,1042
ELTHAM,England,64474,18832,1457,25128,,,,,,,,,,738
ENFIELD NORTH,England,68076,17930,1036,28177,848,574,,,,,,,,
"ENFIELD, SOUTHGATE",England,65210,20634,1925,24989,,780,,,,,,,,
EPPING FOREST,England,74737,31462,2884,13219,1871,1233,,,,,,,,110
EPSOM AND EWELL,England,80029,35313,7401,14838,,1714,,,,,,,,
EREWASH,England,72995,25939,1243,21405,,675,,,,,,,,519
ERITH AND THAMESMEAD,England,69724,15571,750,25585,1728,507,,,,,,,,323
ESHER AND WALTON,England,80938,35071,10374,11773,1034,1074,,,,,,,,516
EXETER,England,77330,18219,1562,34336,,1027,,,,,,,,279
FALKIRK,Scotland,82240,14088,1120,16029,712,908,20952,,,,,,,
FAREHAM,England,78837,35915,3896,14360,1541,1302,,,,,,,,
FAVERSHAM AND MID KENT,England,72205,30390,3249,12977,1702,1431,,,,,,,,
FELTHAM AND HESTON,England,81714,16859,1387,32462,1510,809,,,,,,,,
FERMANAGH AND SOUTH TYRONE,Northern Ireland,70601,,,,,423,,,,25230,2587,24355,886,
FILTON AND BRADLEY STOKE,England,72483,25339,3052,21149,,1162,,,,,,,,
FINCHLEY AND GOLDERS GREEN,England,73329,24599,3463,22942,462,919,,,,,,,,
FOLKESTONE AND HYTHE,England,86272,32197,4222,16786,2565,2498,,,,,,,,607
FOREST OF DEAN,England,70898,28096,2029,18594,1237,1241,,,,,,,,570
FOYLE,Northern Ireland,70324,,,,,,,,7398,18256,18087,,847,1377
FYLDE,England,65937,27334,2341,15529,,1263,,,,,,,,
GAINSBOROUGH,England,75893,31790,3630,14767,,1238,,,,,,,,
GARSTON AND HALEWOOD,England,75248,9450,1723,41599,,750,,,,,,,,
GATESHEAD,England,65186,10076,1709,27426,2281,611,,,,,,,,
GEDLING,England,71223,22139,1052,26833,1143,515,,,,,,,,
GILLINGHAM AND RAINHAM,England,72903,27091,1372,17661,2097,520,,,,,,,,127
GLASGOW CENTRAL,Scotland,64346,5014,1045,13829,,,16096,,,,,,,
GLASGOW EAST,Scotland,66242,6816,567,13949,504,,14024,,,,,,,306
GLASGOW NORTH,Scotland,53862,4935,1153,11537,,3251,12597,,,,,,,
GLASGOW NORTH EAST,Scotland,59931,4106,637,13637,,,13395,,,,,,,
GLASGOW NORTH WEST,Scotland,63773,7002,1387,13947,,,16508,,,,,,,
GLASGOW SOUTH,Scotland,69126,8506,1447,16285,,,18312,,,,,,,
GLASGOW SOUTH WEST,Scotland,62991,5524,661,14326,481,,14386,,,,,,,
GLENROTHES,Scotland,66378,7876,1208,14024,,,17291,,,,,,,
GLOUCESTER,England,82965,27208,2716,21688,1495,754,,,,,,,,210
GORDON,Scotland,78531,21861,6230,6340,,,19254,,,,,,,
GOSPORT,England,74152,30647,2328,13436,1790,1024,,,,,,,,256
GOWER,Wales,62163,19458,931,22727,642,,,1669,,,,,,149
GRANTHAM AND STAMFORD,England,81740,35090,3120,14996,1745,782,,,,,,,,860
GRAVESHAM,England,72954,27237,1210,17890,1742,723,,,,,,,,195
GREAT GRIMSBY,England,61743,14980,954,17545,1648,,,,,,,,,394
GREAT YARMOUTH,England,71408,23901,987,15928,2767,563,,,,,,,,
GREENWICH AND WOOLWICH,England,77190,13501,3785,34215,,1605,,,,,,,,
GUILDFORD,England,75291,30295,13255,10545,,1152,,,,,,,,262
HACKNEY NORTH AND STOKE NEWINGTON,England,85058,7126,3817,42265,,2606,,,,,,,,484
HACKNEY SOUTH AND SHOREDITCH,England,83099,6043,3168,43974,,1522,,,,,,,,647
HALESOWEN AND ROWLEY REGIS,England,68856,23012,859,17759,2126,440,,,,,,,,183
HALIFAX,England,71224,20131,1070,25507,1568,,,,,,,,,
HALTEMPRICE AND HOWDEN,England,71519,31355,2482,15950,,711,,,,,,,,942
HALTON,England,73457,10710,896,36115,1488,,,,,,,,,309
HAMMERSMITH,England,72803,14724,2802,33375,507,800,,,,,,,,44
HAMPSTEAD AND KILBURN,England,82957,18904,4100,34464,,742,,,,,,,,197
HARBOROUGH,England,78810,30135,7286,17706,1361,1110,,,,,,,,
HARLOW,England,67699,24230,970,17199,1787,660,,,,,,,,
HARROGATE AND KNARESBOROUGH,England,77280,31477,13309,11395,,,,,,,,,,559
HARROW EAST,England,71755,25129,1573,23372,,771,,,,,,,,
HARROW WEST,England,69797,17326,1267,30640,470,652,,,,,,,,
HARTLEPOOL,England,70718,14319,746,21969,4801,,,,,,,,,
HARWICH AND NORTH ESSEX,England,71294,29921,2787,15565,1685,1042,,,,,,,,141
HASTINGS AND RYE,England,78319,25668,1885,25322,1479,,,,,,,,,412
HAVANT,England,72470,27676,2801,11720,2011,1122,,,,,,,,984
HAYES AND HARLINGTON,England,73268,13681,601,31796,1153,571,,,,,,,,
HAZEL GROVE,England,63166,20047,14533,9036,,516,,,,,,,,
HEMEL HEMPSTEAD,England,74415,28735,3233,19290,,1024,,,,,,,,
HEMSWORTH,England,71870,15566,912,25740,2591,,,,,,,,,1135
HENDON,England,76522,25078,1985,24006,568,578,,,,,,,,
HENLEY,England,74997,33749,8485,11455,1154,1864,,,,,,,,392
HEREFORD AND SOUTH HEREFORDSHIRE,England,71088,27004,3556,11991,1153,1220,,,,,,,,5560
HERTFORD AND STORTFORD,England,82339,36184,4845,17149,,1814,,,,,,,,
HERTSMERE,England,73561,31928,2794,14977,1564,990,,,,,,,,
HEXHAM,England,61053,24996,3285,15760,930,1253,,,,,,,,
HEYWOOD AND MIDDLETON,England,79901,18961,1087,26578,3239,,,,,,,,,
HIGH PEAK,England,73248,24431,2669,26753,,,,,,,,,,
HITCHIN AND HARPENDEN,England,75916,31189,6236,19158,,1329,,,,,,,,871
HOLBORN AND ST PANCRAS,England,88088,10834,4020,41343,727,1980,,,,,,,,93
HORNCHURCH AND UPMINSTER,England,80802,33750,1371,16027,3502,1077,,,,,,,,318
HORNSEY AND WOOD GREEN,England,79946,9246,10000,40738,429,1181,,,,,,,,699
HORSHAM,England,82772,36906,7644,13422,1533,1844,,,,,,,,638
HOUGHTON AND SUNDERLAND SOUTH,England,68123,12324,908,24665,2379,725,,,,,,,,479
HOVE,England,74236,18185,1311,36942,,971,,,,,,,,187
HUDDERSFIELD,England,67037,14465,1155,26470,,1395,,,,,,,,349
HUNTINGDON,England,84273,32915,5090,18440,2180,1095,,,,,,,,
HYNDBURN,England,71608,18305,824,24120,1953,,,,,,,,,
ILFORD NORTH,England,72997,20950,1034,30589,,,,,,,,,,368
ILFORD SOUTH,England,85358,12077,772,43724,477,542,,,,,,,,65
INVERCLYDE,Scotland,58853,8399,978,14666,,,15050,,,,,,,
"INVERNESS, NAIRN, BADENOCH AND STRATHSPEY",Scotland,76844,16118,6477,8552,,,21042,,,,,,,612
IPSWICH,England,75668,23393,1187,24224,1372,840,,,,,,,,121
ISLE OF WIGHT,England,110683,38190,2740,17121,1921,12915,,,,,,,,1592
ISLINGTON NORTH,England,74831,6871,4946,40086,413,2229,,,,,,,,383
ISLINGTON SOUTH AND FINSBURY,England,69536,9925,5809,30188,929,1198,,,,,,,,
ISLWYN,Wales,56256,9826,685,21238,1605,,,2739,,,,,,
JARROW,England,64778,10757,1163,28020,2338,745,,,,,,,,
KEIGHLEY,England,71429,23817,1226,24056,1291,790,,,,,,,,534
KENILWORTH AND SOUTHAM,England,66319,31207,4921,13131,929,1133,,,,,,,,
KENSINGTON,England,60588,16313,4724,16333,,767,,,,,,,,540
KETTERING,England,71440,28616,1618,18054,,1116,,,,,,,,
KILMARNOCK AND LOUDOUN,Scotland,73327,12404,994,13421,,,19690,,,,,,,
KINGSTON AND SURBITON,England,81588,23686,27810,9203,675,536,,,,,,,,268
KINGSTON UPON HULL EAST,England,65959,10959,1258,21355,2573,493,,,,,,,,
KINGSTON UPON HULL NORTH,England,64665,9363,1869,23685,1601,604,,,,,,,,
KINGSTON UPON HULL WEST AND HESSLE,England,60181,10317,2210,18342,1399,332,,,,,,,,1965
KINGSWOOD,England,69368,26754,1749,19254,,984,,,,,,,,
KIRKCALDY AND COWDENBEATH,Scotland,72721,10762,1118,17016,540,,16757,,,,,,,
KNOWSLEY,England,81760,5137,1189,47351,1285,521,,,,,,,,
LAGAN VALLEY,Northern Ireland,72380,462,,,,,,,26762,1567,3384,7533,4996,222
LANARK AND HAMILTON EAST,Scotland,77313,16178,1214,16084,550,,16444,,,,,,,
LANCASTER AND FLEETWOOD,England,67154,18681,1170,25342,,796,,,,,,,,
LEEDS CENTRAL,England,89537,9755,1063,33453,2056,1189,,,,,,,,157
LEEDS EAST,England,65950,12676,739,25428,1742,434,,,,,,,,422
LEEDS NORTH EAST,England,70112,16445,1952,33436,,680,,,,,,,,486
LEEDS NORTH WEST,England,68152,9097,16192,20416,,582,,,,,,,,
LEEDS WEST,England,67955,11048,905,27013,1815,1023,,,,,,,,425
LEICESTER EAST,England,77788,12688,1343,35116,,1070,,,,,,,,2207
LEICESTER SOUTH,England,75534,10896,1287,37157,,1177,,,,,,,,
LEICESTER WEST,England,64843,11763,792,22823,1406,607,,,,,,,,121
LEIGH,England,76202,16793,951,26347,2783,,,,,,,,,
LEWES,England,70941,26820,21312,6060,,,,,,,,,,
LEWISHAM EAST,England,68124,10859,2086,32072,798,803,,,,,,,,583
LEWISHAM WEST AND PENGE,England,72899,12249,3317,35411,700,1144,,,,,,,,375
"LEWISHAM, DEPTFORD",England,78468,7562,2911,42461,,1640,,,,,,,,538
LEYTON AND WANSTEAD,England,65149,9627,2961,32234,,1351,,,,,,,,
LICHFIELD,England,74430,34018,2653,15437,,1416,,,,,,,,
LINCOLN,England,73111,21795,1284,23333,1287,583,,,,,,,,436
LINLITHGOW AND EAST FALKIRK,Scotland,86186,16311,1926,17469,,,20388,,,,,,,
"LIVERPOOL, RIVERSIDE",England,76332,4652,1187,40599,,1582,,,,,,,,
"LIVERPOOL, WALTON",England,62738,3624,638,36175,,523,,,,,,,,1237
"LIVERPOOL, WAVERTREE",England,62411,5251,2858,34717,,598,,,,,,,,216
"LIVERPOOL, WEST DERBY",England,65164,4463,545,37371,,329,,,,,,,,2455
LIVINGSTON,Scotland,81208,12799,1512,17158,,,21036,,,,,,,
LLANELLI,Wales,59434,9544,548,21568,1331,,,7351,,,,,,
LOUGHBOROUGH,England,79607,27022,1937,22753,1465,971,,,,,,,,
LOUTH AND HORNCASTLE,England,79007,33733,1990,14092,2460,,,,,,,,,496
LUDLOW,England,68034,31433,5336,12147,,1054,,,,,,,,
LUTON NORTH,England,66811,15401,808,29765,,648,,,,,,,,
LUTON SOUTH,England,67188,14879,1056,28804,795,439,,,,,,,,160
MACCLESFIELD,England,75228,28595,3350,19987,,1213,,,,,,,,1162
MAIDENHEAD,England,76076,37718,6540,11261,871,907,,,,,,,,942
MAIDSTONE AND THE WEALD,England,75334,29156,8455,11433,1613,888,,,,,,,,172
MAKERFIELD,England,74259,14703,1322,28245,,,,,,,,,,2663
MALDON,England,71470,34111,2181,10681,1899,1073,,,,,,,,257
MANCHESTER CENTRAL,England,90261,7045,1678,38490,1469,846,,,,,,,,192
"MANCHESTER, GORTON",England,75362,3355,2597,35085,952,1038,,,,,,,,2926
"MANCHESTER, WITHINGTON",England,74654,5530,8549,38424,,865,,,,,,,,234
MANSFIELD,England,77811,23392,697,22335,2654,,,,,,,,,1079
MEON VALLEY,England,74246,35624,5900,9932,1435,1301,,,,,,,,
MERIDEN,England,81443,33873,2663,14675,2016,1416,,,,,,,,
MERTHYR TYDFIL AND RHYMNEY,Wales,55463,6073,841,22407,1484,,,2740,,,,,,
MID BEDFORDSHIRE,England,84161,38936,3788,17953,,1794,,,,,,,,667
MID DERBYSHIRE,England,67466,29513,1793,17897,,1168,,,,,,,,
MID DORSET AND NORTH POOLE,England,65050,28585,13246,6423,,,,,,,,,,
MID NORFOLK,England,80027,32828,2848,16742,2092,1158,,,,,,,,
MID SUSSEX,England,84170,35082,7855,15409,1251,1571,,,,,,,,464
MID ULSTER,Northern Ireland,68485,,,,,,,,12565,25455,4563,3017,1094,
MID WORCESTERSHIRE,England,76057,35967,3450,12641,1660,1371,,,,,,,,
MIDDLESBROUGH,England,61059,9531,368,23404,1452,250,,,,,,,,632
MIDDLESBROUGH SOUTH AND EAST CLEVELAND,England,72336,23643,1354,22623,,,,,,,,,,
MIDLOTHIAN,Scotland,68328,11521,1721,16458,,,15573,,,,,,,
MILTON KEYNES NORTH,England,89207,30367,2499,28392,1390,1107,,,,,,,,169
MILTON KEYNES SOUTH,England,92417,30652,1895,28987,1833,1179,,,,,,,,
MITCHAM AND MORDEN,England,68705,11664,1494,33039,1054,644,,,,,,,,223
MOLE VALLEY,England,74545,35092,10955,7864,1352,1463,,,,,,,,
MONMOUTH,Wales,64909,26411,2064,18205,762,954,,1338,,,,,,
MONTGOMERYSHIRE,Wales,50755,18075,8790,5542,,524,,1960,,,,,,
MORAY,Scotland,70649,22637,1078,5208,,,18478,,,,,,,204
MORECAMBE AND LUNESDALE,England,66818,21773,1699,20374,1333,478,,,,,,,,
MORLEY AND OUTWOOD,England,76495,26550,1361,24446,,,,,,,,,,
MOTHERWELL AND WISHAW,Scotland,68215,8490,920,15832,534,,16150,,,,,,,
NA H-EILEANAN AN IAR,Scotland,21301,2441,250,5006,,,6013,,,,,,,1108
NEATH,Wales,55862,9082,732,21713,1419,,,5339,,,,,,
NEW FOREST EAST,England,72602,32162,7786,10167,,1251,,,,,,,,
NEW FOREST WEST,England,68786,33170,4781,9739,,1454,,,,,,,,483
NEWARK,England,75510,34493,2786,16344,1419,,,,,,,,,
NEWBURY,England,82924,37399,13019,8596,,1531,,,,,,,,304
NEWCASTLE UPON TYNE CENTRAL,England,55368,9134,1812,24071,1482,595,,,,,,,,
NEWCASTLE UPON TYNE EAST,England,61989,8866,2574,28127,1315,755,,,,,,,,
NEWCASTLE UPON TYNE NORTH,England,66073,16380,2533,26729,1780,513,,,,,,,,353
NEWCASTLE-UNDER-LYME,England,65596,21094,1624,21124,,,,,,,,,,
NEWPORT EAST,Wales,57233,12801,966,20804,1180,,,881,,,,,,188
NEWPORT WEST,Wales,64399,17065,976,22723,1100,497,,1077,,,,,,
NEWRY AND ARMAGH,Northern Ireland,78266,,,,,,,,13177,25666,9055,4425,1256,
NEWTON ABBOT,England,71714,28635,10601,11475,,926,,,,,,,,
"NORMANTON, PONTEFRACT AND CASTLEFORD",England,81641,14769,693,29268,3030,,,,,,,,,1431
NORTH ANTRIM,Northern Ireland,75657,,,,,,,,28521,7878,2574,3482,2723,3282
NORTH AYRSHIRE AND ARRAN,Scotland,73176,14818,1124,13040,,,18451,,,,,,,
NORTH CORNWALL,England,68844,25835,18635,6151,,,,,,,,,,323
NORTH DEVON,England,75801,25517,21185,7063,1187,753,,,,,,,,
NORTH DORSET,England,76324,36169,7556,10392,,1607,,,,,,,,
NORTH DOWN,Northern Ireland,64334,941,,,,2549,,,14940,531,400,,3639,16185
NORTH DURHAM,England,66970,12978,1981,25917,2408,,,,,,,,,
NORTH EAST BEDFORDSHIRE,England,87505,39139,3693,18277,1896,1215,,,,,,,,
NORTH EAST CAMBRIDGESHIRE,England,84414,34340,2383,13070,2174,1024,,,,,,,,293
NORTH EAST DERBYSHIRE,England,72097,24783,1390,21923,1565,719,,,,,,,,
NORTH EAST FIFE,Scotland,58685,10088,13741,4026,,,13743,,,,,,,224
NORTH EAST HAMPSHIRE,England,74576,37754,6987,9982,1061,1476,,,,,,,,367
NORTH EAST HERTFORDSHIRE,England,75965,32587,4276,15752,,2965,,,,,,,,
NORTH EAST SOMERSET,England,71355,28992,4461,18757,,1245,,,,,,,,588
NORTH HEREFORDSHIRE,England,67751,31097,5874,9495,,2771,,,,,,,,940
NORTH NORFOLK,England,69271,21748,25260,5180,,,,,,,,,,
NORTH SHROPSHIRE,England,80535,33642,2948,17287,,1722,,,,,,,,
NORTH SOMERSET,England,80529,33605,5982,16502,,1976,,,,,,,,3929
NORTH SWINDON,England,80168,29431,1962,21096,1564,858,,,,,,,,
NORTH THANET,England,72651,27163,1586,16425,2198,825,,,,,,,,128
NORTH TYNESIDE,England,78914,14172,1494,33456,2101,669,,,,,,,,
NORTH WARWICKSHIRE,England,72277,26860,1028,18350,,940,,,,,,,,
NORTH WEST CAMBRIDGESHIRE,England,93221,37529,3168,19521,2518,1255,,,,,,,,
NORTH WEST DURHAM,England,71918,16516,3398,25308,2150,530,,,,,,,,
NORTH WEST HAMPSHIRE,England,81430,36471,5708,13792,1467,1334,,,,,,,,
NORTH WEST LEICESTERSHIRE,England,75362,31153,3420,17867,,1101,,,,,,,,
NORTH WEST NORFOLK,England,72062,29408,1393,15620,1539,851,,,,,,,,
NORTH WILTSHIRE,England,71408,32398,9521,9399,871,1141,,,,,,,,376
NORTHAMPTON NORTH,England,58861,19065,1015,18258,1404,636,,,,,,,,
NORTHAMPTON SOUTH,England,61766,19231,1405,18072,1630,696,,,,,,,,
NORWICH NORTH,England,66924,21900,1480,21393,,782,,,,,,,,340
NORWICH SOUTH,England,74182,15715,2841,31311,,1492,,,,,,,,
NOTTINGHAM EAST,England,61760,8512,1003,28102,817,698,,,,,,,,195
NOTTINGHAM NORTH,England,66886,11907,674,23067,2133,538,,,,,,,,
NOTTINGHAM SOUTH,England,71182,14851,1564,30013,1103,598,,,,,,,,
NUNEATON,England,69201,23755,914,19016,1619,763,,,,,,,,
OCHIL AND SOUTH PERTHSHIRE,Scotland,76767,22469,1742,10847,,,19110,,,,,,,
OGMORE,Wales,57125,9354,594,23225,1235,,,2796,,,,,,
OLD BEXLEY AND SIDCUP,England,66005,29545,1572,14079,1619,820,,,,,,,,407
OLDHAM EAST AND SADDLEWORTH,England,72184,17447,1683,25629,2278,,,,,,,,,
OLDHAM WEST AND ROYTON,England,72401,12648,956,29846,1899,439,,,,,,,,
ORKNEY AND SHETLAND,Scotland,34164,2024,11312,2664,283,,6749,,,,,,,245
ORPINGTON,England,67902,31762,3315,12301,2023,1060,,,,,,,,
OXFORD EAST,England,78350,11834,4904,35118,,1785,,,,,,,,255
OXFORD WEST AND ABINGDON,England,75574,25440,26256,7573,751,,,,,,,,,
PAISLEY AND RENFREWSHIRE NORTH,Scotland,67436,12842,1476,14842,,,17455,,,,,,,
PAISLEY AND RENFREWSHIRE SOUTH,Scotland,61344,8122,1327,14423,,,16964,,,,,,,876
PENDLE,England,64962,21986,941,20707,,502,,,,,,,,718
PENISTONE AND STOCKSBRIDGE,England,71293,21485,2042,22807,3453,,,,,,,,,
PENRITH AND THE BORDER,England,65139,28078,3641,12168,1142,1029,,,,,,,,412
PERTH AND NORTH PERTHSHIRE,Scotland,71762,21783,2589,5349,,,21804,,,,,,,
PETERBOROUGH,England,71522,22343,1597,22950,,848,,,,,,,,
"PLYMOUTH, MOOR VIEW",England,69342,23567,917,18548,1849,536,,,,,,,,
"PLYMOUTH, SUTTON AND DEVONPORT",England,76584,20476,1244,27283,1364,604,,,,,,,,237
PONTYPRIDD,Wales,60564,10655,1963,22103,1071,,,4102,,,,,,
POOLE,England,73796,28888,4433,14679,,1299,,,,,,,,551
POPLAR AND LIMEHOUSE,England,87331,11846,3959,39558,849,989,,,,,,,,1613
PORTSMOUTH NORTH,England,71374,25860,2608,15895,1926,791,,,,,,,,130
PORTSMOUTH SOUTH,England,69785,16736,7699,18290,1129,712,,,,,,,,
PRESELI PEMBROKESHIRE,Wales,58554,18302,1106,17988,850,,,2711,,,,,,1240
PRESTON,England,57791,8487,1204,24210,1348,348,,,,,,,,
PUDSEY,England,72622,25550,1761,25219,,,,,,,,,,1429
PUTNEY,England,65031,20679,5448,19125,477,1107,,,,,,,,58
RAYLEIGH AND WICKFORD,England,78556,36914,1557,13464,2326,1062,,,,,,,,
READING EAST,England,75537,23344,3378,27093,,1093,,,,,,,,330
READING WEST,England,74523,25311,3041,22435,,979,,,,,,,,
REDCAR,England,66836,14138,2849,23623,1950,,,,,,,,,
REDDITCH,England,64413,23652,1173,16289,1371,380,,,,,,,,2338
REIGATE,England,74628,30896,5889,13282,1542,2214,,,,,,,,
RHONDDA,Wales,50514,3333,277,21096,880,,,7350,,,,,,
RIBBLE VALLEY,England,77968,31919,3247,18720,,1314,,,,,,,,
RICHMOND (YORKS),England,80905,36458,3360,13350,,1739,,,,,,,,2106
RICHMOND PARK,England,80025,28588,28543,5773,426,,,,,,,,,
ROCHDALE,England,78064,14216,4027,29035,1641,,,,,,,,,1125
ROCHESTER AND STROOD,England,82702,29232,1189,19382,2893,781,,,,,,,,292
ROCHFORD AND SOUTHEND EAST,England,73501,23013,1265,17465,1777,804,,,,,,,,2924
ROMFORD,England,73493,29671,1215,15893,2350,815,,,,,,,,
ROMSEY AND SOUTHAMPTON NORTH,England,67186,28668,10622,9614,,953,,,,,,,,271
"ROSS, SKYE AND LOCHABER",Scotland,53638,9561,8042,4695,,,15480,,,,,,,676
ROSSENDALE AND DARWEN,England,72486,25499,1550,22283,,824,,,,,,,,
ROTHER VALLEY,England,75230,19939,1155,23821,3704,869,,,,,,,,
ROTHERHAM,England,63237,10017,1754,21404,3316,,,,,,,,,1432
RUGBY,England,72175,27872,2851,19660,,953,,,,,,,,
"RUISLIP, NORTHWOOD AND PINNER",England,73427,30555,3813,16575,1171,1268,,,,,,,,
RUNNYMEDE AND WEYBRIDGE,England,74888,31436,3765,13386,1675,1347,,,,,,,,
RUSHCLIFFE,England,74738,30223,2759,22213,1490,1626,,,,,,,,
RUTHERGLEN AND HAMILTON WEST,Scotland,80098,9941,2158,19101,465,,18836,,,,,,,371
RUTLAND AND MELTON,England,78463,36169,4711,13065,1869,1755,,,,,,,,
SAFFRON WALDEN,England,83072,37629,8528,12663,2091,,,,,,,,,
SALFORD AND ECCLES,England,78080,12036,1286,31168,2320,809,,,,,,,,
SALISBURY,England,72892,30952,5982,13619,1191,1152,,,,,,,,415
SCARBOROUGH AND WHITBY,England,73599,24401,1354,20966,1682,915,,,,,,,,1131
SCUNTHORPE,England,61578,17485,554,20916,1247,,,,,,,,,
SEDGEFIELD,England,63889,16143,797,22202,1763,686,,,,,,,,
SEFTON CENTRAL,England,69019,17212,1381,32830,,656,,,,,,,,
SELBY AND AINSTY,England,75918,32921,2293,19149,1713,,,,,,,,,
SEVENOAKS,England,71565,32644,4280,10727,1894,1673,,,,,,,,
SHEFFIELD CENTRAL,England,77560,6215,2465,33963,1060,3848,,,,,,,,326
SHEFFIELD SOUTH EAST,England,68945,13722,1432,25520,2820,,,,,,,,,102
"SHEFFIELD, BRIGHTSIDE AND HILLSBOROUGH",England,70344,9050,1061,28193,2645,737,,,,,,,,184
"SHEFFIELD, HALLAM",England,73455,13561,19756,21881,929,823,,,,,,,,70
"SHEFFIELD, HEELEY",England,68040,12696,2022,26524,1977,943,,,,,,,,64
SHERWOOD,England,76196,27492,1113,22294,1801,664,,,,,,,,
SHIPLEY,England,73133,27417,2202,22736,,,,,,,,,,1040
SHREWSBURY AND ATCHAM,England,79043,29073,4254,22446,1363,1067,,,,,,,,
SITTINGBOURNE AND SHEPPEY,England,81717,30911,1392,15700,,558,,,,,,,,2828
SKIPTON AND RIPON,England,78104,36425,0,16440,,3734,,,,,,,,1539
SLEAFORD AND NORTH HYKEHAM,England,90929,42245,2722,17008,1954,968,,,,,,,,900
SLOUGH,England,83272,17172,1308,34170,1228,,,,,,,,,417
SOLIHULL,England,77789,32985,8901,12414,1291,1157,,,,,,,,
SOMERTON AND FROME,England,84437,36231,13325,10998,,2347,,,,,,,,991
SOUTH ANTRIM,Northern Ireland,68244,,,,,,,,16508,7797,2362,13300,3203,
SOUTH BASILDON AND EAST THURROCK,England,73537,26811,732,15321,3193,680,,,,,,,,383
SOUTH CAMBRIDGESHIRE,England,85257,33631,12102,17679,,1512,,,,,,,,
SOUTH DERBYSHIRE,England,76380,30907,1870,18937,,917,,,,,,,,
SOUTH DORSET,England,75553,29135,3053,17440,,2278,,,,,,,,
SOUTH DOWN,Northern Ireland,75685,,,,,,,,8867,20328,17882,2002,1814,
SOUTH EAST CAMBRIDGESHIRE,England,86121,33601,11958,17443,,,,,,,,,,
SOUTH EAST CORNWALL,England,71880,29493,10346,12050,,1335,,,,,,,,
SOUTH HOLLAND AND THE DEEPINGS,England,76374,35179,1433,10282,2185,894,,,,,,,,342
SOUTH LEICESTERSHIRE,England,78985,34795,2403,16164,2235,1092,,,,,,,,
SOUTH NORFOLK,England,83055,35580,5074,18902,,1555,,,,,,,,
SOUTH NORTHAMPTONSHIRE,England,85759,40599,3623,17759,1363,1357,,,,,,,,297
SOUTH RIBBLE,England,75752,28980,2073,21559,1387,494,,,,,,,,341
SOUTH SHIELDS,England,63433,10570,681,25078,3006,1437,,,,,,,,
SOUTH STAFFORDSHIRE,England,73441,35656,1348,12923,,1182,,,,,,,,
SOUTH SUFFOLK,England,75485,32829,3154,15080,1449,1723,,,,,,,,
SOUTH SWINDON,England,72372,24809,2079,22345,1291,747,,,,,,,,
SOUTH THANET,England,72334,25262,1514,18875,2997,809,,,,,,,,296
SOUTH WEST BEDFORDSHIRE,England,79658,32961,2630,18793,,950,,,,,,,,301
SOUTH WEST DEVON,England,71260,31634,2732,15818,1540,1133,,,,,,,,
SOUTH WEST HERTFORDSHIRE,England,81087,35128,7078,15578,1293,1576,,,,,,,,
SOUTH WEST NORFOLK,England,77874,32894,2365,14582,2575,,,,,,,,,
SOUTH WEST SURREY,England,78042,33683,5967,7606,1083,,,,,,,,,12093
SOUTH WEST WILTSHIRE,England,76898,32841,5360,14515,,1445,,,,,,,,590
"SOUTHAMPTON, ITCHEN",England,71722,21773,1421,21742,1122,725,,,,,,,,
"SOUTHAMPTON, TEST",England,70199,16006,1892,27509,,,,,,,,,,1496
SOUTHEND WEST,England,67677,26046,2110,16046,1666,831,,,,,,,,492
SOUTHPORT,England,69400,18541,12661,15627,1127,,,,,,,,,
SPELTHORNE,England,72641,28692,2755,15267,2296,1105,,,,,,,,
ST ALBANS,England,72811,24571,18462,13137,,828,,,,,,,,
ST AUSTELL AND NEWQUAY,England,78609,26856,11642,15714,,,,,,,,,,
ST HELENS NORTH,England,76088,13606,1287,32012,2097,1220,,,,,,,,
ST HELENS SOUTH AND WHISTON,England,79036,11536,2101,35879,1953,1417,,,,,,,,
ST IVES,England,67145,22120,21808,7298,,,,,,,,,,
STAFFORD,England,68445,28424,1540,20695,,1265,,,,,,,,
STAFFORDSHIRE MOORLANDS,England,63260,25963,1494,15133,,541,,,,,,,,1524
STALYBRIDGE AND HYDE,England,71409,16193,996,24277,,991,,,,,,,,
STEVENAGE,England,70765,24798,2032,21412,,1085,,,,,,,,
STIRLING,Scotland,66415,18291,1683,10902,,,18143,,,,,,,337
STOCKPORT,England,64236,11805,1778,26282,1088,591,,,,,,,,
STOCKTON NORTH,England,66285,15589,646,24304,1834,358,,,,,,,,
STOCKTON SOUTH,England,75625,25214,951,26102,1186,371,,,,,,,,
STOKE-ON-TRENT CENTRAL,England,56915,13186,680,17083,1608,378,,,,,,,,210
STOKE-ON-TRENT NORTH,England,71558,18913,916,21272,,685,,,,,,,,
STOKE-ON-TRENT SOUTH,England,66057,20451,808,19788,,643,,,,,,,,
STONE,England,67824,31614,2222,14119,1370,707,,,,,,,,
STOURBRIDGE,England,70215,25706,1083,18052,1801,493,,,,,,,,
STRANGFORD,Northern Ireland,64327,507,,,,607,,,24036,1083,2404,4419,5693,
STRATFORD-ON-AVON,England,72572,33657,6357,11699,,1345,,,,,,,,474
STREATHAM,England,78649,11927,3611,38212,349,1696,,,,,,,,
STRETFORD AND URMSTON,England,71833,13814,1001,33519,1094,641,,,,,,,,122
STROUD,England,82839,29307,2053,29994,1039,1423,,,,,,,,
SUFFOLK COASTAL,England,79366,33713,4048,17701,,1802,,,,,,,,810
SUNDERLAND CENTRAL,England,72728,15059,1777,25056,2209,705,,,,,,,,305
SURREY HEATH,England,80764,37118,6271,12175,,2258,,,,,,,,
SUTTON AND CHEAM,England,70404,26567,13869,10663,,871,,,,,,,,
SUTTON COLDFIELD,England,75652,32224,2302,16885,,965,,,,,,,,482
SWANSEA EAST,Wales,58521,9139,625,22307,1040,359,,1689,,,,,,
SWANSEA WEST,Wales,56892,11680,1269,22278,,434,,1529,,,,,,92
TAMWORTH,England,71308,28748,1961,16401,,,,,,,,,,
TATTON,England,67874,28764,4431,13977,,1024,,,,,,,,920
TAUNTON DEANE,England,85457,33333,17446,9689,1434,1151,,,,,,,,
TELFORD,England,68106,21777,954,21057,,898,,,,,,,,
TEWKESBURY,England,81440,35448,7981,12874,1205,1576,,,,,,,,
THE COTSWOLDS,England,80449,36201,9748,10702,1197,1747,,,,,,,,107
THE WREKIN,England,68604,27451,1345,17887,1656,804,,,,,,,,380
THIRSK AND MALTON,England,78670,33572,3859,14571,1532,1100,,,,,,,,1295
THORNBURY AND YATE,England,67892,28008,15937,6112,,633,,,,,,,,
THURROCK,England,78154,19880,798,19535,10112,,,,,,,,,
TIVERTON AND HONITON,England,80731,35471,4639,15670,,2035,,,,,,,,
TONBRIDGE AND MALLING,England,77417,36218,3787,12710,1857,2335,,,,,,,,
TOOTING,England,77971,19236,3057,34694,339,845,,,,,,,,
TORBAY,England,75931,27141,12858,9310,1213,652,,,,,,,,
TORFAEN,Wales,61839,11894,852,22134,1490,,,2059,,,,,,
TORRIDGE AND WEST DEVON,England,80524,33612,10526,12926,,1622,,,,,,,,794
TOTNES,England,68914,26972,6466,13495,1240,2097,,,,,,,,
TOTTENHAM,England,72884,5665,1687,40249,462,1276,,,,,,,,
TRURO AND FALMOUTH,England,74683,25123,8465,21331,897,831,,,,,,,,
TUNBRIDGE WELLS,England,74782,30856,5355,14391,1464,1441,,,,,,,,702
TWICKENHAM,England,83362,25207,34969,6114,,,,,,,,,,
TYNEMOUTH,England,77434,20729,1724,32395,1257,629,,,,,,,,124
UPPER BANN,Northern Ireland,80168,,,,,,,,22317,14325,4397,7900,2319,
UXBRIDGE AND SOUTH RUISLIP,England,69936,23716,1835,18682,1577,884,,,,,,,,
VALE OF CLWYD,Wales,56890,17044,666,19423,,,,1551,,,,,,
VALE OF GLAMORGAN,Wales,73959,25501,1020,23311,868,419,,2295,,,,,,304
VAUXHALL,England,82055,10277,11326,31576,,1152,,,,,,,,711
WAKEFIELD,England,70340,20811,943,22987,,,,,,,,,,1543
WALLASEY,England,67454,11232,772,34552,1160,637,,,,,,,,
WALSALL NORTH,England,67308,18919,586,16318,2295,,,,,,,,,
WALSALL SOUTH,England,67417,16394,587,25286,1805,,,,,,,,,
WALTHAMSTOW,England,67957,6776,1384,38793,,1190,,,,,,,,
WANSBECK,England,62151,13903,2015,24338,1483,715,,,,,,,,
WANTAGE,England,85786,34459,9234,17079,1284,1546,,,,,,,,
WARLEY,England,63739,10521,777,27004,1349,555,,,,,,,,
WARRINGTON NORTH,England,71918,17774,1207,27356,1561,619,,,,,,,,
WARRINGTON SOUTH,England,85617,27445,3339,29994,,,,,,,,,,1217
WARWICK AND LEAMINGTON,England,74237,24021,2810,25227,799,1198,,,,,,,,
WASHINGTON AND SUNDERLAND WEST,England,67280,11699,961,24639,2761,514,,,,,,,,
WATFORD,England,86507,26731,5335,24639,1184,721,,,,,,,,
WAVENEY,England,80763,28643,1012,19428,1933,1332,,,,,,,,326
WEALDEN,England,81425,37027,6281,13399,1798,1959,,,,,,,,
WEAVER VALE,England,69016,22138,1623,26066,,786,,,,,,,,
WELLINGBOROUGH,England,79254,30579,1782,18119,1804,956,,,,,,,,
WELLS,England,82451,30488,22906,7129,,,,,,,,,,320
WELWYN HATFIELD,England,72888,26374,3836,19005,1441,835,,,,,,,,178
WENTWORTH AND DEARNE,England,74890,13744,1656,28547,,,,,,,,,,
WEST ABERDEENSHIRE AND KINCARDINE,Scotland,72477,24704,4461,5706,,,16754,,,,,,,
WEST BROMWICH EAST,England,63846,14951,625,22664,,533,,,,,,,,325
WEST BROMWICH WEST,England,65967,14329,333,18789,2320,323,,,,,,,,
WEST DORSET,England,79048,33081,13990,10896,,1631,,,,,,,,
WEST DUNBARTONSHIRE,Scotland,67602,7582,1009,16602,,,18890,,,,,,,
WEST HAM,England,92418,9837,1836,46591,1134,957,,,,,,,,353
WEST LANCASHIRE,England,73257,20341,1069,32030,,680,,,,,,,,269
WEST SUFFOLK,England,77348,31649,2180,14586,2396,935,,,,,,,,
WEST TYRONE,Northern Ireland,64009,,,,,427,,,11718,22060,5635,2253,1000,393
WEST WORCESTERSHIRE,England,74375,34703,5307,13375,1481,1605,,,,,,,,
WESTMINSTER NORTH,England,63846,14422,2253,25934,,595,,,,,,,,91
WESTMORLAND AND LONSDALE,England,66391,22909,23686,4783,,,,,,,,,,309
WESTON-SUPER-MARE,England,82136,29982,5175,18438,1932,888,,,,,,,,
WIGAN,England,75359,13548,916,29575,2750,753,,,,,,,,
WIMBLEDON,England,66780,23946,7472,18324,553,1231,,,,,,,,
WINCHESTER,England,72497,29729,19730,6007,695,846,,,,,,,,149
WINDSOR,England,73595,34718,5434,12334,,1435,,,,,,,,
WIRRAL SOUTH,England,57670,17548,1322,25871,,454,,,,,,,,
WIRRAL WEST,England,55995,18501,1155,23866,,429,,,,,,,,
WITHAM,England,69137,31670,2715,13024,,1832,,,,,,,,
WITNEY,England,82727,33839,12457,12598,980,1053,,,,,,,,
WOKING,England,76170,29903,9711,13179,1161,1092,,,,,,,,200
WOKINGHAM,England,79111,33806,9512,15008,,1364,,,,,,,,
WOLVERHAMPTON NORTH EAST,England,60770,14695,570,19282,1479,482,,,,,,,,
WOLVERHAMPTON SOUTH EAST,England,60301,12623,448,21137,1675,421,,,,,,,,
WOLVERHAMPTON SOUTH WEST,England,59971,18714,784,20899,1012,579,,,,,,,,358
WORCESTER,England,73893,24731,1757,22223,1354,1211,,,,,,,,147
WORKINGTON,England,60265,17392,1133,21317,1556,,,,,,,,,278
WORSLEY AND ECCLES SOUTH,England,73689,17667,1087,26046,,842,,,,,,,,
WORTHING WEST,England,77757,30181,2982,18091,1635,1614,,,,,,,,
WREXHAM,Wales,49881,15321,865,17153,,,,1753,,,,,,
WYCOMBE,England,77087,26766,4147,20188,1210,1182,,,,,,,,
WYRE AND PRESTON NORTH,England,72319,30684,2551,18438,,973,,,,,,,,
WYRE FOREST,England,77758,29859,1943,16525,1777,1025,,,,,,,,
WYTHENSHAWE AND SALE EAST,England,76361,13581,1504,28525,1475,576,,,,,,,,185
YEOVIL,England,82916,32369,17646,7418,,1052,,,,,,,,919
YNYS MON,Wales,52921,10384,479,15643,624,,,10237,,,,,,
YORK CENTRAL,England,77315,16019,2475,34594,,,,,,,,,,
YORK OUTER,England,75835,29356,5910,21067,,1094,,,,,,,,
